store_name,stars,review,satisfaction
store_A,5,"Huge shoutout to Benjamin at Apex Motors for completely changing my experience and helping me drive home in an amazing car that exceeded all my expectations! From the moment I walked in, he was welcoming, professional, friendly, and incredibly patient throughout the entire process. He took the time to answer every single question I had and made sure I felt confident and excited every step of the way. This was especially meaningful because I previously had a disappointing experience at this locat",positive
store_A,5,"I rarely write reviews but decided I need to sit and take a moment to write this one because of the Above Exceptional experience I had with Saul in the service department. If sometimes you wonder if good people still exist in the world - well Saul is one of them and worthy to be mentioned and appreciated. I bought my car at another Apex Motors dealer and had the 30 days to fix some issues. Saul went above and beyond to help and he did it all with a positive attitude, kindness and a smile on his ",positive
store_A,5,"My recent visit at Apex Motors Serramonte was very pleasant. It truly set the standard for professionalism and customer care. My husband and I love their no-pressure approach, easy managed online appointment times. Pretty much everything can be done online but you are very welcome to visit them in person. The staff (Ben, Hector and Paul)were very helpful, knowledgeable to make sure that all your questions were answered. Our entire buying experience was smooth and enjoyable! It is less than a mon",positive
store_A,5,"All of the employees at this Apex Motors location were so kind, attentive, and efficient. I was pleasantly surprised that they called me and my partner a rideshare home after I sold my car to them. I had also left something in my vehicle, and they were kind enough to mail it to me. It arrived the next day. Apex Motors has earned a customer for life!",positive
store_A,5,"Apex Motors was one of the best car dealer experiences I ve ever had buying and selling cars. I sold a few cars here and the employees were incredibly friendly and knowledgeable. They made the process very, very easy and time efficient. The prices they offered were fair. I could ve gotten a little bit more money selling private party, but it s just not worth the hassle selling six cars. It was simply a great experience overall.",positive
store_A,5,"I had an exceptional experience selling my car at Apex Motors, and I really want to give a special shoutout to Abby for going above and beyond in a way that truly impressed me. I came in with a fairly unusual situation my 2026 Honda CR-V couldn t be scanned by their system due to compatibility issues with newer vehicle data protocols. At first, it looked like the deal might not go through. But Abby didn t stop there she took full ownership and put in a lot of effort to find a way forward. Even a",positive
store_A,5,"I could not have been happier with my experience with Apex Motors. Everything didn t go smoothly with the car I chose (mechanical issue), but Apex Motors was completely transparent and helpful. I ended up crossing a different car and the process was very professional and easy for me. 5 Stars!",positive
store_A,5,"I ve been after my dream car since 2013, and thanks to Benjamin Barreto at Apex Motors, it s finally mine. Above and beyond doesn t even begin to cover it. I kept calling and staying in touch, and Benjamin was always ready with updates. When the car finally became available, I made the drive, and he was just as excited as I was. I ve never met a salesman that invested and dedicated. The whole experience honestly felt like I was buying a car from a family member. I rarely leave reviews, but Benja",positive
store_A,5,"Had an excellent overall experience selling my car to Apex Motors. With the exception of one female worker at the cashier who was not very friendly, every Apex Motors representative my wife and I dealt with by phone and in person acted professionally and was knowledgeable, friendly, and patient. I will not hesitate to use Apex Motors again.",positive
store_A,5,"Very smooth process. All the staff members were very attentive. They kept me informed on next step. The longest time it took was getting to talk my bank for a payoff. Highly recommend going through Apex Motors for your car selling needs, hassle free.",positive
store_A,5,Exceptional experience at Apex Motors Serramonte. Came in to trade in and buy a car and Arthur got both taken care of in two hours. Later I decided to trade it for a different trim and they took care of it in less than 20 mins on the phone and no DMV visits! Honestly the best car buying experience I've had.,positive
store_A,5,The staff was more than welcoming and helpful. Each person that worked with me made each step pretty easy and straight forward. I sold my car to them and there wasn t any push for me to get into another vehicle. They respected my reason for being there and made it a smooth experience from start to finish.,positive
store_A,5,"Already wrote a review on yelp, but I had an excellent experience. From the person who checked me in to working with Jian. Jian was very professionally and personable, and it was easy to establish good rapport with him. He made the process smooth and quick. Hire more like Jian and management should ensure Jian stay working there to continue to have good customer service. Give him a raise",positive
store_A,5,"Oh my, the service, professionalism and promptness was incredible at the Colma Apex Motors! We sold our 2023 Genisis GV-70 to Apex Motors. The promise made, all online, was kept, 100%!! Plus, to make our experience even that much better, when I",positive
store_A,5,"I sold my car to Apex Motors and would do it again. Very organized. I was able to get my quote and upload all documents in advance, so I was in/out of the building in about 20 minutes (including the vehicle inspection). They also pay/order a Lyft home for you!",positive
store_A,1,"Didn't get the Apex Motors experience but the car minimum experience lol. I do not recommend this location. The good thing is that they were nice, at least. Too many details; so, here's a short. Subtly poor customer service. Ineffective time management. Did the express check out process before arrival only to have to spend more time at the location. They wasted a lot of time. Unknowledgeable about standard business practices. A lot of miscommunications happened. Mileage and damage on the car not",negative
store_A,2,"Im sitting in this Apex Motors waiting to pick up my car and drop off my trade in. I already have the information and papers done and this is for express pick up. I have been waiting for an hour and 20 min now. Went to the front desk to kindly let them know I m still here waiting. They told me to pull my car up to the service lane. Alright, thanks for now telling me? I dont see how this helps but sure. Did that in a min. Now still waiting. For the record i have no issues with my sales rep. But t",negative
store_A,2,"I recently tried to sell a car but had a bad experience. I came here because I sold my car here about eight years ago and it seemed easy. But this time - not so. The car was registered out of state and the owner was out of state. An offer was made but I could not sell the car because of multiple problems related to communication about the required documentation. I found the appraiser, manager and system inflexible and regrettably incompetent. I did not give one star because I think there are gen",negative
store_A,1,"Called over the phone was approved for terms with 2 lenders after they pulled my credit. Drove to the serramonte location and test drove 3 cars, decided to take the 3rd one. They then decided to pull my credit again in order to finalize on",negative
store_A,2,"I went to Apex Motors because my son had a good experience selling his car there. Before I got there I was offered 20,000 online and the offer had not expired. The car was inspected and driven. No issues were found. When I was told the payment",negative
store_A,1,"I bought 2 cars from this. Today I have some issues in my headlights. I bought headlight and tried myself but couldn t. I was near the Apex Motors and went. Asked for help, said need to make an appointment. It s like 2 minutes work. If I",negative
store_A,1,DO NOT BUY A CAR FROM HERE I ve had issue after issue with my car and right out the LOT! There was a nail in my tire. The breaks needed to be fixed and the battery was bad. They fixed it like a week later then a month after that my,negative
store_A,1,"Was looking for a used Mazda and had scheduled for a test drive. Showed up early and checked-in. Thiry minutes later, crickets. An hour later, I walked out the door. I saw other people being serviced, but folks like me wanting a test",negative
store_A,2,"Kel went above and beyond and helped me a lot wherever he was around, that's reason enough not to give anything below 2 stars. You need things done, find him and get them done.",negative
store_A,1,"After 2 long visits to Apex Motors and 5 phone calls to sell my jeep with no resolution, I sold my car to Carvana for more money and almost instantly. I was very disappointed in Apex Motors as a returning customer who has had such great experience",negative
store_A,1,"Sales person his not really friendly customer service bad service I sold my car Mercedes-Benz GLC300 2020 and I pay the negative 4,049.96 cash the person who assist me his not really friendly customer service BAD and rude",negative
store_A,1,Good old bait and switch dealership. They will lure you onto dealership parking lot with promise of fair KBB value. You will come on time but will have to wait 70 minutes to start an appraisal. At the end they will low ball you and will offer 50% of car value. Trust me you will get better offer from anyone else,negative
store_A,1,"Today, I scheduled a test drive through the Apex Motors website(for this location). At no point during the online booking process was I informed of any special requirements or restrictions related to insurance coverage, documentation, or",negative
store_A,1,"unfortunately the 125-point inspection is barely useful as the car had several issues as I drove off lot and no answers phone or emails , very disappointing experience",negative
store_A,1,"Not a good place for selling your vehicle , They gave you high price on line range. then when you actually bring over vehicle, then give you the lowest price.",negative
